country,capital
Afghanistan,Kabul
Aland Islands,Mariehamn
Albania,Tirana
Algeria,Algiers
American Samoa,Pago Pago
Andorra,Andorra la Vella
Angola,Luanda
Anguilla,The Valley
Antarctica,
Antigua And Barbuda,St. John's
Argentina,Buenos Aires
Armenia,Yerevan
Aruba,Oranjestad
Australia,Canberra
Austria,Vienna
Azerbaijan,Baku
Bahrain,Manama
Bangladesh,Dhaka
Barbados,Bridgetown
Belarus,Minsk
Belgium,Brussels
Belize,Belmopan
Benin,Porto-Novo
Bermuda,Hamilton
Bhutan,Thimphu
Bolivia,Sucre
"Bonaire, Sint Eustatius and Saba",Kralendijk
Bosnia and Herzegovina,Sarajevo
Botswana,Gaborone
Bouvet Island,
Brazil,Brasilia
British Indian Ocean Territory,Diego Garcia
Brunei,Bandar Seri Begawan
Bulgaria,Sofia
Burkina Faso,Ouagadougou
Burundi,Bujumbura
Cambodia,Phnom Penh
Cameroon,Yaounde
Canada,Ottawa
Cape Verde,Praia
Cayman Islands,George Town
Central African Republic,Bangui
Chad,N'Djamena
Chile,Santiago
China,Beijing
Christmas Island,Flying Fish Cove
Cocos (Keeling) Islands,West Island
Colombia,Bogotá
Comoros,Moroni
Congo,Brazzaville
Cook Islands,Avarua
Costa Rica,San Jose
Cote D'Ivoire (Ivory Coast),Yamoussoukro
Croatia,Zagreb
Cuba,Havana
Curaçao,Willemstad
Cyprus,Nicosia
Czech Republic,Prague
Democratic Republic of the Congo,Kinshasa
Denmark,Copenhagen
Djibouti,Djibouti
Dominica,Roseau
Dominican Republic,Santo Domingo
East Timor,Dili
Ecuador,Quito
Egypt,Cairo
El Salvador,San Salvador
Equatorial Guinea,Malabo
Eritrea,Asmara
Estonia,Tallinn
Ethiopia,Addis Ababa
Falkland Islands,Stanley
Faroe Islands,Torshavn
Fiji Islands,Suva
Finland,Helsinki
France,Paris
French Guiana,Cayenne
French Polynesia,Papeete
French Southern Territories,Port-aux-Francais
Gabon,Libreville
Gambia The,Banjul
Georgia,Tbilisi
Germany,Berlin
Ghana,Accra
Gibraltar,Gibraltar
Greece,Athens
Greenland,Nuuk
Grenada,St. George's
Guadeloupe,Basse-Terre
Guam,Hagatna
Guatemala,Guatemala City
Guernsey and Alderney,St Peter Port
Guinea,Conakry
Guinea-Bissau,Bissau
Guyana,Georgetown
Haiti,Port-au-Prince
Heard Island and McDonald Islands,
Honduras,Tegucigalpa
Hong Kong S.A.R.,Hong Kong
Hungary,Budapest
Iceland,Reykjavik
India,New Delhi
Indonesia,Jakarta
Iran,Tehran
Iraq,Baghdad
Ireland,Dublin
Israel,Jerusalem
Italy,Rome
Jamaica,Kingston
Japan,Tokyo
Jersey,Saint Helier
Jordan,Amman
Kazakhstan,Astana
Kenya,Nairobi
Kiribati,Tarawa
Kosovo,Pristina
Kuwait,Kuwait City
Kyrgyzstan,Bishkek
Laos,Vientiane
Latvia,Riga
Lebanon,Beirut
Lesotho,Maseru
Liberia,Monrovia
Libya,Tripolis
Liechtenstein,Vaduz
Lithuania,Vilnius
Luxembourg,Luxembourg
Macau S.A.R.,Macao
Madagascar,Antananarivo
Malawi,Lilongwe
Malaysia,Kuala Lumpur
Maldives,Male
Mali,Bamako
Malta,Valletta
Man (Isle of),"Douglas, Isle of Man"
Marshall Islands,Majuro
Martinique,Fort-de-France
Mauritania,Nouakchott
Mauritius,Port Louis
Mayotte,Mamoudzou
Mexico,Ciudad de México
Micronesia,Palikir
Moldova,Chisinau
Monaco,Monaco
Mongolia,Ulan Bator
Montenegro,Podgorica
Montserrat,Plymouth
Morocco,Rabat
Mozambique,Maputo
Myanmar,Nay Pyi Taw
Namibia,Windhoek
Nauru,Yaren
Nepal,Kathmandu
Netherlands,Amsterdam
New Caledonia,Noumea
New Zealand,Wellington
Nicaragua,Managua
Niger,Niamey
Nigeria,Abuja
Niue,Alofi
Norfolk Island,Kingston
North Korea,Pyongyang
North Macedonia,Skopje
Northern Mariana Islands,Saipan
Norway,Oslo
Oman,Muscat
Pakistan,Islamabad
Palau,Melekeok
Palestinian Territory Occupied,East Jerusalem
Panama,Panama City
Papua new Guinea,Port Moresby
Paraguay,Asuncion
Peru,Lima
Philippines,Manila
Pitcairn Island,Adamstown
Poland,Warsaw
Portugal,Lisbon
Puerto Rico,San Juan
Qatar,Doha
Reunion,Saint-Denis
Romania,Bucharest
Russia,Moscow
Rwanda,Kigali
Saint Helena,Jamestown
Saint Kitts And Nevis,Basseterre
Saint Lucia,Castries
Saint Pierre and Miquelon,Saint-Pierre
Saint Vincent And The Grenadines,Kingstown
Saint-Barthelemy,Gustavia
Saint-Martin (French part),Marigot
Samoa,Apia
San Marino,San Marino
Sao Tome and Principe,Sao Tome
Saudi Arabia,Riyadh
Senegal,Dakar
Serbia,Belgrade
Seychelles,Victoria
Sierra Leone,Freetown
Singapore,Singapur
Sint Maarten (Dutch part),Philipsburg
Slovakia,Bratislava
Slovenia,Ljubljana
Solomon Islands,Honiara
Somalia,Mogadishu
South Africa,Pretoria
South Georgia,Grytviken
South Korea,Seoul
South Sudan,Juba
Spain,Madrid
Sri Lanka,Colombo
Sudan,Khartoum
Suriname,Paramaribo
Svalbard And Jan Mayen Islands,Longyearbyen
Swaziland,Mbabane
Sweden,Stockholm
Switzerland,Bern
Syria,Damascus
Taiwan,Taipei
Tajikistan,Dushanbe
Tanzania,Dodoma
Thailand,Bangkok
The Bahamas,Nassau
Togo,Lome
Tokelau,
Tonga,Nuku'alofa
Trinidad And Tobago,Port of Spain
Tunisia,Tunis
Turkey,Ankara
Turkmenistan,Ashgabat
Turks And Caicos Islands,Cockburn Town
Tuvalu,Funafuti
Uganda,Kampala
Ukraine,Kyiv
United Arab Emirates,Abu Dhabi
United Kingdom,London
United States,Washington
United States Minor Outlying Islands,
Uruguay,Montevideo
Uzbekistan,Tashkent
Vanuatu,Port Vila
Vatican City State (Holy See),Vatican City
Venezuela,Caracas
Vietnam,Hanoi
Virgin Islands (British),Road Town
Virgin Islands (US),Charlotte Amalie
Wallis And Futuna Islands,Mata Utu
Western Sahara,El-Aaiun
Yemen,Sanaa
Zambia,Lusaka
Zimbabwe,Harare
